ID,Type,UGS,Nom,Publié,"Mis en avant&nbsp;?","Visibilité dans le catalogue","Description courte",Description,"Date de début de promo","Date de fin de promo","État de la TVA","Classe TVA","En Stock&nbsp;?",Stock,"Autoriser les commandes de produits en rupture&nbsp;?","Vendre individuellement&nbsp;?","Poids (kg)","Longueur (cm)","Largeur (cm)","Hauteur (cm)","Activer les avis&nbsp;?","Note d&rsquo;achat","Tarif promo","Tarif régulier",Catégories,Étiquettes,"Classe de livraison",Images,"Limite de téléchargement","Jours d&rsquo;expiration du téléchargement",Parent,"Produits groupés","Montée en gamme","Ventes croisées","URL externe","Bouton texte",Position,yikes_woo_products_tabs,"Nom de l&rsquo;attribut 1","Valeur(s) de l&rsquo;attribut 1","Attribut 1 visible","Attribut 1 global"
31,simple,ssdpnyCS900,"SSD PNY CS900 - 240 Go",1,0,visible,"Abordable et efficace
Au format 2.5”, le SSD PNY CS900, est idéal pour booster
les performances d’un PC portable,
d'un PC de bureau ou d'un Mac un peu âgé.","Abordable et efficace
Au format 2.5”, le SSD PNY CS900, est idéal pour booster
les performances d’un PC portable,
d'un PC de bureau ou d'un Mac un peu âgé.

Le PNY CS900 - 240 Go a été conçu pour remplacer facilement
et au meilleur coût les HDD actuels afin d’accélérer
les temps de lancement du système,
des applications et de donner un coût de fouet global à tous
les ordinateurs. Son architecture sans partie mécanique
en font une solution de stockage durable et moins sujette aux chocs,
couverte par 3 ans de garantie.

Le modèle de SSD PNY CS900 consomme peu d’énergie
et permet d’étendre la durée de vie des batteries d’ordinateurs
portables. Ces SSD sont disponibles de 120 GB à 480 GB
et sont basés sur de la mémoire TLC.
Les méthodes de tests intensifs PNY assurent une compatibilité
sur toute plateforme, système d’exploitation ou application
afin de faciliter la mise à jour dès la sortie de la boite.",,,taxable,,1,100,notify,0,,,,,1,,89.99,95.99,"Composants > Disques durs et SSD","240go, disque dur, pny, sdd",,"http://localhost:8888/projet-de-fin-d-etude-ifocop/projet_wordpress/wp-content/uploads/2017/11/359778-1.jpg, http://localhost:8888/projet-de-fin-d-etude-ifocop/projet_wordpress/wp-content/uploads/2017/11/359777.jpg, http://localhost:8888/projet-de-fin-d-etude-ifocop/projet_wordpress/wp-content/uploads/2017/11/359779.jpg",,,,,,"pnyCS900120, SSDSamsungSerie850, ssdsamsumgserie85",,,0,"a:1:{i:0;a:3:{s:5:""title"";s:15:""Fiche technique"";s:2:""id"";s:15:""fiche-technique"";s:7:""content"";s:14:""[table id=3 /]"";}}",,,,
35,simple,WDblue250GO,"SSD Western Digital (WD) Blue 250 Go",1,0,visible,"WD débarque sur le terrain du SSD avec cette gamme Blue,
une solution de stockage pour upgrade de PC haute performance.
Le SSD Blue répond aux besoins en informatique les plus exigeants,
avec des performances et une qualité haut de gamme.
Les vitesses de transfert en sont l&#039;illustration,
puisque le Blue atteint 545 Mo/s en lecture et 525 Mo/s
en écriture pour offrir un démarrage système des plus rapides.","<h1><span style=""color: #ff0000;"">""La qualité WD au service du SSD !""</span></h1>
WD débarque sur le terrain du SSD avec cette gamme Blue,
une solution de stockage pour upgrade de PC haute performance.
Le SSD Blue répond aux besoins en informatique les plus exigeants,
avec des performances et une qualité haut de gamme.
Les vitesses de transfert en sont l'illustration,
puisque le Blue atteint 545 Mo/s en lecture et 525 Mo/s
en écriture pour offrir un démarrage système des plus rapides.

Technologie TLC, vitesses accrues jusqu’à 545 Mo/s
en lecture et 525 Mo/s en écriture
Avec cette nouvelle gamme SSD Blue,
WD arrive avec de bien belles choses à offrir à ses heureux utilisateurs.
Idéalement conçus et adaptés aux programmes qui requièrent
de hautes performances, telles que les jeux,
l'utilisation multimédia HD et les logiciels de création,
les disques SSD WD Blue vous offrent le degré d'efficacité nécessaire.
La technologie de mise en cache différenciée utilise les technologies
flash SLC et TLC, lesquelles permettent d'atteindre
des vitesses de lecture séquentielles jusqu'à 545 Mo/s
et des vitesses d'écriture séquentielles jusqu'à 525 Mo/s,
pour un démarrage rapide des systèmes,
une grande réactivité des applications
et des vitesses de transferts élevées.

Fiabilité maximale : MTTF de 1,75 million d'heures et garantie 3 ans !
Avec un temps moyen de bon fonctionnement avant panne (MTTF)
de 1,75 million d'heures,
et un taux d'endurance de 400 ToW (téraoctets écrits),
le SSD WD Blue garantit une protection des données sur le long terme.
Chaque WD Blue SSD s'accompagne d'une garantie limitée de 3 ans,
pour une tranquillité d'esprit lorsque vous mettez à niveau
ou remplacez l'un de vos disques.",,,taxable,,0,'-1,0,0,,,,,1,,,89.99,"Composants > Disques durs et SSD","250GO, blue, disque dur, sdd, wd, western digital",,"http://localhost:8888/projet-de-fin-d-etude-ifocop/projet_wordpress/wp-content/uploads/2017/11/364590.jpg, http://localhost:8888/projet-de-fin-d-etude-ifocop/projet_wordpress/wp-content/uploads/2017/11/364591.jpg",,,,,ssdpnyCS900,ssdpnyCS900,,,0,"a:1:{i:0;a:3:{s:5:""title"";s:15:""Fiche technique"";s:2:""id"";s:15:""fiche-technique"";s:7:""content"";s:21:""<p>[table id=2 /]</p>"";}}",,,,
120,simple,CGGEFORCEGTX10504GO,"Carte graphique MSI GeForce GTX 1050 Ti Gaming X - 4 Go",1,0,visible,"MSI nous propose son nouveau modèle de carte graphique gamer milieu de gamme : la GTX 1050 Ti Gaming X 4 Go ! Avec son prix contenu, ses 768 coeurs CUDA, 4 Go de mémoire et son refroidissement d'exception MSI Twin Frozr VI : la GTX 1050 Ti dispose de tous les atouts pour les gamers en recherche de puissance pour un prix léger. Avec cette GTX 1050 Ti 4 Go MSI bénéficiez d'une carte graphique à la pointe de la technologie, équipée du nouveau système de refroidissement exclusif MSI Twin Frozr VI, prête à affronter tous vos jeux PC et performante !","MSI nous propose son nouveau modèle de carte graphique gamer milieu de gamme : la GTX 1050 Ti Gaming X 4 Go ! Avec son prix contenu, ses 768 coeurs CUDA, 4 Go de mémoire et son refroidissement d'exception MSI Twin Frozr VI : la GTX 1050 Ti dispose de tous les atouts pour les gamers en recherche de puissance pour un prix léger. Avec cette GTX 1050 Ti 4 Go MSI bénéficiez d'une carte graphique à la pointe de la technologie, équipée du nouveau système de refroidissement exclusif MSI Twin Frozr VI, prête à affronter tous vos jeux PC et performante !
<h3>NVIDIA Geforce GTX 1050 Ti</h3>
MSI GTX 1050 Ti Gaming X : jouez !
Déclinaison logique de la gamme NVIDIA, la MSI GeForce GTX 1050 Ti (GeForce GTX 1050 Ti GAMING X 4G) arrive avec des mensurations taillées pour le jeu PC ! Armée de ses 768 coeurs CUDA, la nouvelle puce NVIDIA Pascal de la GTX 1050 Ti affiche une fréquence turbo à 1493 MHz (en mode OC) !

Concernant la mémoire : la GTX 1050 Ti embarque 4 Go de mémoire GDDR5. Le mode NVIDIA GPU Boost 3.0 est aussi de la partie pour un surplus de puissance disponible quand vos jeux les plus gourmands l'exigeront ! Soyez immergés dans vos jeux et jouez en haute résolution jusqu'à 7680 x 4320 px à 60 Hz.

Découvrez la GTX 1050 Ti au design Gaming X signé MSI. Elle dispose de 3 sorties vidéo : 1 ports DisplayPort 1.4, 1 port HDMI 2.0 ainsi qu'un classique port DVI-D ! Cette GTX 1050 Ti (GeForce GTX 1050 Ti GAMING X 4G) de haute volée MSI débarque avec un double système de refroidissement Twin Frozr VI ! Il dispose de nouveaux caloducs maximisant le transfert de chaleur pour un refroidissement toujours plus efficace, de ventilateurs courbés (Torx Fan 2.0) accélérant le flux d'air et du mode Zoro Frozr qui arrêtera la ventilation quand la charge de la carte le permettra ! Vous pourrez prendre le contrôle de votre carte graphique grâce au logiciel MSI Gaming App.
<h3>NVIDIA GeForce GTX 1050 Ti Gaming X MSI</h3>
GeForce Experience : votre compagnon de jeu idéal !
Quand le jeu PC devient un ""jeu d'enfant"" ! GeForce Experience s'occupe de tout et vous assistera si vous le souhaitez dans les paramétrages de vos jeux !
- Installez le logiciel gratuit GeForce Experience et bénéficiez d'une expérience de jeu parfaite en toute simplicité ! Avec NVIDIA GeForce Experience, soyez alertés dès la disponibilité de nouveaux pilotes qui s'installeront en 1 clic !
- Optimisez automatiquement les régalages graphiques de vos jeux.
- Enregistrez vos meilleurs moments dans vos jeux grâce à ShadowPlay et partagez ou diffusez vos parties sur Twitch ou autre !
- GeForce Experience vous permettra de ""streamer"" vos jeux PC sur votre console portable NVIDIA Shield ou votre console de salon Shield Android TV !",,,taxable,,1,1,notify,0,,,,,1,,149.95,189.95,"Composants > Cartes graphiques","4go, carte graphique, GTX 1050, msi",,"http://localhost:8888/projet-de-fin-d-etude-ifocop/projet_wordpress/wp-content/uploads/2017/11/365614.png, http://localhost:8888/projet-de-fin-d-etude-ifocop/projet_wordpress/wp-content/uploads/2017/11/365618.png, http://localhost:8888/projet-de-fin-d-etude-ifocop/projet_wordpress/wp-content/uploads/2017/11/365617.png, http://localhost:8888/projet-de-fin-d-etude-ifocop/projet_wordpress/wp-content/uploads/2017/11/365616.png, http://localhost:8888/projet-de-fin-d-etude-ifocop/projet_wordpress/wp-content/uploads/2017/11/365615.png, http://localhost:8888/projet-de-fin-d-etude-ifocop/projet_wordpress/wp-content/uploads/2017/11/365619.png",,,,,,,,,0,"a:1:{i:0;a:3:{s:5:""title"";s:15:""Fiche technique"";s:2:""id"";s:15:""fiche-technique"";s:7:""content"";s:14:""[table id=1 /]"";}}",,,,
164,simple,ssdsamsumgserie85,"SSD Samsung SSD Serie 850 EVO 250 Go   Seagate BarraCuda 4 To",1,0,visible,"<h1>Le géant Samsung</h1>
Revient avec le SSD Samsung 850 EVO. Bénéficiant de certaines technologies issues de la série 850 Pro comme la mémoire flash V-NAND 3D, le SSD Samsung 850 EVO offre des performances toujours aussi impressionnantes avec toujours plus de stabilité.
Rapidité et performances
Cette nouvelle gamme de SSD Samsung 850 EVO arrive avec de bien belles choses à offrir aux heureux utilisateurs. Grâce à un tout nouveau contrôleur Samsung MGX et l'introduction de la mémoire V-NAND 3D sur la gamme EVO, le Samsung 850 EVO présente des caractéristiques alléchantes : jusqu'à 540 Mo/s en lecture, et un nombre maximum d'opérations par seconde catapulté à 97 000 en lecture !","<h4>Le géant Samsung</h4>
Revient avec le SSD Samsung 850 EVO. Bénéficiant de certaines technologies issues de la série 850 Pro comme la mémoire flash V-NAND 3D, le SSD Samsung 850 EVO offre des performances toujours aussi impressionnantes avec toujours plus de stabilité.
Rapidité et performances
Cette nouvelle gamme de SSD Samsung 850 EVO arrive avec de bien belles choses à offrir aux heureux utilisateurs. Grâce à un tout nouveau contrôleur Samsung MGX et l'introduction de la mémoire V-NAND 3D sur la gamme EVO, le Samsung 850 EVO présente des caractéristiques alléchantes : jusqu'à 540 Mo/s en lecture, et un nombre maximum d'opérations par seconde catapulté à 97 000 en lecture !

Jusqu'à 520 Mo/s en écriture grâce à la technologie Turbowrite
Sur cette série 850 EVO, Samsung donne un bon coup de boost à la vitesse d'écriture grâce à une toute nouvelle technologie appelée Turbowrite. Sur les fichiers de moins de 3 Go, cette technologie permet en effet de pousser le débit à 520 Mo/s au lieu des 270 Mo/s habituels, soit une vitesse d'écriture pratiquement multipliée par 2 ! Un vrai gain de performances dont vous pourrez profiter au quotidien. Le logiciel Magician vous est aussi livré pour vous permettre de mettre à jour le firmware sous Windows, d'effectuer un ""secure erase"" ou encore de lancer un benchmark de votre SSD Série 850.

Des performances ultimes
Des performances ultimes
La technologie V-NAND 3D offre au SSD 850 EVO le summum des vitesse de lecture et d'écriture, aussi bien dans les cas de lecture/écriture séquentiels qu'aléatoires. En lecture séquentielle, il atteint les 540 Mo/s et 520 Mo/s en vitesse d’écriture. De plus un mode turbo, nommé Rapid Mode est également présent. Il permet d’utiliser la mémoire vive de l’ordinateur comme cache. Sur le 840 EVO la quantité maximale pouvant être allouée était limité à 1 Go, avec le 850 EVO cette limite passe à 4 Go (pour 16 Go de mémoire RAM installé sur le PC) Cela permet d’augmenter les performances, principalement lors de l’écriture de nombreux petits fichiers. L’activation de ce mode requiert l’installation de l’utilitaire Samsung Magician.",,,taxable,,1,100,0,0,,,,,1,,,129.99,"Composants, Composants > Disques durs et SSD","250GO, disque dur, samsung, sdd",,"http://localhost:8888/projet-de-fin-d-etude-ifocop/projet_wordpress/wp-content/uploads/2017/11/387393.jpg, http://localhost:8888/projet-de-fin-d-etude-ifocop/projet_wordpress/wp-content/uploads/2017/11/387390.jpg, http://localhost:8888/projet-de-fin-d-etude-ifocop/projet_wordpress/wp-content/uploads/2017/11/387389.jpg, http://localhost:8888/projet-de-fin-d-etude-ifocop/projet_wordpress/wp-content/uploads/2017/11/282946.jpg",,,,,,,,,0,"a:1:{i:0;a:3:{s:5:""title"";s:15:""Fiche technique"";s:2:""id"";s:15:""fiche-technique"";s:7:""content"";s:14:""[table id=4 /]"";}}",Mémoire,250Go,1,1
173,simple,SSDCorsairLS,"SSD Corsair Force Series LS - 60 Go",1,0,visible,"Pour booster votre PC, le SSD Corsair Force Series LS est une référence en matière de fiabilité et de rapidité de transferts. Au cœur de votre système, ce SSD dernière génération (SATA III 6 Gb/s) améliore nettement les performances en lecture (540 Mo/sec) comme en écriture (440 Mo/sec). Avec un positionnement prix milieu de gamme, ne rêvez plus d'un ordinateur hyper-véloce. Vivez-le.","<h3>L'un des meilleurs rapports qualité / performance / prix !</h3>
Pour booster votre PC, le SSD Corsair Force Series LS est une référence en matière de fiabilité et de rapidité de transferts. Au cœur de votre système, ce SSD dernière génération (SATA III 6 Gb/s) améliore nettement les performances en lecture (540 Mo/sec) comme en écriture (440 Mo/sec). Avec un positionnement prix milieu de gamme, ne rêvez plus d'un ordinateur hyper-véloce. Vivez-le.

Un lancement ultra-rapide de vos applications et jeux
Pour supporter vos systèmes d'exploitations, applications bureautique / multimédia et jeux préférés sans broncher, le SSD Corsair Force Series LS vous fera bénéficier de toute la réactivité nécessaire pour satisfaire vos sollicitations. Sous une capacité de stockage de 60 Go, sa pointe de vitesse atteint 540 Mo/sec en lecture et 440 Mo/sec en écriture. Du démarrage PC aux transferts de données, le SSD Corsair est une pièce maîtresse de votre performance.

Au delà de la vitesse pure, le SSD Corsair bénéficie d'une compatibilité avec la commande TRIM pour des performances constantes sur PC (Windows / Linux) comme sur MAC. Pas de jaloux. Que vous soyez équipé d'un ordinateur fixe ou portable, son faible encombrement (7mm d'épaisseur) lui confère une facilité de montage avec la majorité des machines sur le marché.

Disponible de 60 Go à 960 Go, les SSD Corsair Force Series LS se placent à des prix très compétitifs avec des performances impertinentes. Il est temps de passer aux choses sérieuses.",,,taxable,,1,250,0,0,,,,,1,,,49.90,"Composants, Composants > Disques durs et SSD","60go, Corsair, disque dur, sdd, Series ls",,"http://localhost:8888/projet-de-fin-d-etude-ifocop/projet_wordpress/wp-content/uploads/2017/11/226818.jpg, http://localhost:8888/projet-de-fin-d-etude-ifocop/projet_wordpress/wp-content/uploads/2017/11/227609.jpg",,,,,,,,,0,"a:1:{i:0;a:3:{s:5:""title"";s:15:""Fiche technique"";s:2:""id"";s:15:""fiche-technique"";s:7:""content"";s:14:""[table id=5 /]"";}}",,,,
176,simple,,"SSD Kingston A400 120 Go",1,0,visible,"Le disque SSD A400 Kingston améliore considérablement la réactivité de votre système actuel avec des vitesses de démarrage, de chargement et de transfert par rapport aux disques durs mécaniques. Animé par un contrôleur de la dernière génération offrant des vitesses de lecture et d’écriture allant jusqu’à 500 Mo/s et 320 Mo/s, ce SSD est dix fois plus rapide qu’un disque dur1 traditionnel et offre des performances plus élevées, un multi-tasking ultra réactif, et accélère l’ensemble du système.","<h3>Vitesses incroyables et fiabilité à toute épreuve !</h3>
Le disque SSD A400 Kingston améliore considérablement la réactivité de votre système actuel avec des vitesses de démarrage, de chargement et de transfert par rapport aux disques durs mécaniques. Animé par un contrôleur de la dernière génération offrant des vitesses de lecture et d’écriture allant jusqu’à 500 Mo/s et 320 Mo/s, ce SSD est dix fois plus rapide qu’un disque dur1 traditionnel et offre des performances plus élevées, un multi-tasking ultra réactif, et accélère l’ensemble du système.

Démarrages, chargements et transferts plus rapides
Plus fiable et plus durable qu’un disque dur, le disque A400 est uniquement construit avec des composants Flash. Ne contenant aucune pièce mobile, il est moins exposé aux risques de panne qu’un disque dur mécanique. Plus silencieux et plus froid, il est aussi plus résistant aux vibrations et aux chocs, ce qui en fait une solution idéale pour les ordinateurs portables et autres systèmes informatiques mobiles.

Le SSD A400 est disponible dans de nombreuses capacités, de 120 Go à 480 Go. Vous disposerez donc de tout l’espace nécessaire pour vos fichiers, applications, vidéos, photos et autres documents. Vous pouvez aussi remplacer votre disque dur ou un SSD plus petit par un disque assez vaste pour contenir tous vos fichiers.",,,taxable,,1,,0,0,,,,,1,,,59.90,"Composants, Composants > Disques durs et SSD","120 GO, disque dur, Kingston, sdd",,"http://localhost:8888/projet-de-fin-d-etude-ifocop/projet_wordpress/wp-content/uploads/2017/11/385327.jpg, http://localhost:8888/projet-de-fin-d-etude-ifocop/projet_wordpress/wp-content/uploads/2017/11/385328.jpg, http://localhost:8888/projet-de-fin-d-etude-ifocop/projet_wordpress/wp-content/uploads/2017/11/385329.jpg",,,,,,,,,0,"a:1:{i:0;a:3:{s:5:""title"";s:15:""Fiche technique"";s:2:""id"";s:15:""fiche-technique"";s:7:""content"";s:21:""<p>[table id=6 /]</p>"";}}",,,,
182,simple,SSDSamsungSerie850,"SSD Samsung Serie 850 EVO - 1 To",1,0,visible,"<div class=""fiche-texte"">Le géant <strong>Samsung</strong> revient avec le SSD Samsung 850 EVO. Bénéficiant de certaines technologies issues de la série 850 Pro comme la mémoire flash V-NAND 3D, le SSD Samsung 850 EVO offre des performances toujours aussi impressionnantes avec toujours plus de stabilité.</div>
<div class=""fiche-texte"">
<h3 class=""fiche-sous-titre""></h3>
</div>","<h2 class=""ProdTagline"">Endurance et fiabilité améliorés grâce à la technologie V-NAND 3D</h2>
<div class=""fiche-texte"">Le géant <strong>Samsung</strong> revient avec le SSD Samsung 850 EVO. Bénéficiant de certaines technologies issues de la série 850 Pro comme la mémoire flash V-NAND 3D, le SSD Samsung 850 EVO offre des performances toujours aussi impressionnantes avec toujours plus de stabilité.</div>
<div class=""fiche-texte"">
<h3 class=""fiche-sous-titre"">Rapidité et performances</h3>
Cette nouvelle gamme de <strong>SSD Samsung 850 EVO</strong> arrive avec de bien belles choses à offrir aux heureux utilisateurs. Grâce à un tout nouveau contrôleur <b>Samsung MGX</b>et l'introduction de la mémoire V-NAND 3D sur la gamme EVO, le Samsung 850 EVO présente des caractéristiques alléchantes : jusqu'à <b>540 Mo/s en lecture</b>, et un nombre maximum d'opérations par seconde catapulté à <b>98 000</b> en lecture !

</div>
<div class=""fiche-texte"">
<h3 class=""fiche-sous-titre"">Jusqu'à 520 Mo/s en écriture grâce à la technologie Turbowrite</h3>
Sur cette série <b>850 EVO</b>, Samsung donne un bon coup de boost à la vitesse d'écriture grâce à une toute nouvelle technologie appelée <strong>Turbowrite</strong>. Sur les fichiers de moins de 3 Go, cette technologie permet en effet de <b>pousser le débit à 520 Mo/s</b> au lieu des 270 Mo/s habituels, soit une vitesse d'écriture pratiquement <b>multipliée par 2</b> ! Un vrai gain de performances dont vous pourrez profiter au quotidien. Le <strong>logiciel Magician</strong> vous est aussi livré pour vous permettre de <b>mettre à jour le firmware sous Windows</b>, d'<b>effectuer un ""secure erase""</b> ou encore de <b>lancer un benchmark</b> de votre <strong>SSD Série 850</strong>.

</div>
<div class=""fiche-texte"">

<img src=""https://www.materiel.net/live/269513.jpg"" alt=""Des performances ultimes"" />
<h3 class=""fiche-sous-titre"">Des performances ultimes</h3>
La technologie <strong>V-NAND 3D</strong> offre au SSD <strong>850 EVO</strong> le summum des vitesse de lecture et d'écriture, aussi bien dans les cas de lecture/écriture séquentiels qu'aléatoires. En lecture séquentielle, il atteint les <b>540 Mo/s</b> et <b>520 Mo/s</b> en vitesse d’écriture. De plus un mode turbo, nommé <em>Rapid Mode</em> est également présent. Il permet d’utiliser la mémoire vive de l’ordinateur comme cache. Sur le 840 EVO la quantité maximale pouvant être allouée était limité à 1 Go, avec le 850 EVO cette limite passe à 4 Go (pour 16 Go de mémoire RAM installé sur le PC) Cela permet d’augmenter les performances, principalement lors de l’écriture de nombreux petits fichiers. L’activation de ce mode requiert l’installation de l’utilitaire <em>Samsung Magician</em>.

</div>",,,taxable,,1,121,0,0,,,,,1,,309.90,369.90,"Composants, Composants > Disques durs et SSD","1TO, disque dur, Evo, samsung, sdd",,"http://localhost:8888/projet-de-fin-d-etude-ifocop/projet_wordpress/wp-content/uploads/2017/11/282974.jpg, http://localhost:8888/projet-de-fin-d-etude-ifocop/projet_wordpress/wp-content/uploads/2017/11/07903301-photo-samsung-ssd-850-evo.jpg, http://localhost:8888/projet-de-fin-d-etude-ifocop/projet_wordpress/wp-content/uploads/2017/11/10366519.jpg",,,,,,,,,0,"a:1:{i:0;a:3:{s:5:""title"";s:15:""Fiche technique"";s:2:""id"";s:15:""fiche-technique"";s:7:""content"";s:14:""[table id=7 /]"";}}",,,,
189,simple,KingstonA400480Go,"SSD Kingston A400 480 Go",1,0,visible,"<b>Le disque SSD A400 Kingston améliore considérablement la réactivité de votre système actuel avec des vitesses de démarrage, de chargement et de transfert par rapport aux disques durs mécaniques. Animé par un contrôleur de la dernière génération offrant des vitesses de lecture et d’écriture allant jusqu’à 500 Mo/s et 450 Mo/s, ce SSD est dix fois plus rapide qu’un disque dur1 traditionnel et offre des performances plus élevées, un multi-tasking ultra réactif, et accélère l’ensemble du système.</b>","<h2 class=""ProdTagline"">Vitesses incroyables et fiabilité à toute épreuve !</h2>
<b>Le disque SSD A400 Kingston améliore considérablement la réactivité de votre système actuel avec des vitesses de démarrage, de chargement et de transfert par rapport aux disques durs mécaniques. Animé par un contrôleur de la dernière génération offrant des vitesses de lecture et d’écriture allant jusqu’à 500 Mo/s et 450 Mo/s, ce SSD est dix fois plus rapide qu’un disque dur1 traditionnel et offre des performances plus élevées, un multi-tasking ultra réactif, et accélère l’ensemble du système.</b>
<div class=""fiche-texte-droite"">
<h3 class=""fiche-sous-titre"">Démarrages, chargements et transferts plus rapides</h3>
Plus fiable et plus durable qu’un disque dur, le disque A400 est uniquement construit avec des composants Flash. Ne contenant aucune pièce mobile, il est moins exposé aux risques de panne qu’un disque dur mécanique. Plus silencieux et plus froid, il est aussi plus résistant aux vibrations et aux chocs, ce qui en fait une solution idéale pour les ordinateurs portables et autres systèmes informatiques mobiles.

<img class=""alignleft"" src=""https://www.materiel.net/live/385374.jpg"" alt=""Kingston SSD 120 Go A400"" />Le SSD A400 est disponible dans de nombreuses capacités, de 120Go à 480Go2. Vous disposerez donc de tout l’espace nécessaire pour vos fichiers, applications, vidéos, photos et autres documents. Vous pouvez aussi remplacer votre disque dur ou un SSD plus petit par un disque assez vaste pour contenir tous vos fichiers.

</div>
<div>

<i><b>                                        </b></i>

&nbsp;

&nbsp;

&nbsp;
<p style=""text-align: left;""><i><b>Découvrez toutes les fonctionnalités du SSD Kingston A400 en vidéo.</b></i></p>

<div class=""block"">

 <iframe src=""https://www.youtube-nocookie.com/embed/BeFNFhBd_kA?rel=0"" width=""800"" height=""450"" frameborder=""0"" allowfullscreen=""allowfullscreen"" data-mce-fragment=""1""></iframe>

</div>
</div>",,,taxable,,1,120,0,0,,,,,1,,146.90,169.90,"Composants, Composants > Disques durs et SSD","480Go, A400, disque dur, Kingston, sdd",,"http://localhost:8888/projet-de-fin-d-etude-ifocop/projet_wordpress/wp-content/uploads/2017/11/385327.jpg, http://localhost:8888/projet-de-fin-d-etude-ifocop/projet_wordpress/wp-content/uploads/2017/11/385328.jpg, http://localhost:8888/projet-de-fin-d-etude-ifocop/projet_wordpress/wp-content/uploads/2017/11/385329.jpg",,,,,,,,,0,"a:1:{i:0;a:3:{s:5:""title"";s:15:""Fiche technique"";s:2:""id"";s:15:""fiche-technique"";s:7:""content"";s:14:""[table id=8 /]"";}}",,,,
214,simple,SSDSamsungSerie850500Go,"SSD Samsung Serie 850 EVO - 500 Go",1,0,visible,"Le géant <strong>Samsung</strong> revient avec le SSD Samsung 850 EVO. Bénéficiant de certaines technologies issues de la série 850 Pro comme la mémoire flash V-NAND 3D, le SSD Samsung 850 EVO offre des performances toujours aussi impressionnantes avec toujours plus de stabilité.","<h2 class=""ProdTagline"">Endurance et fiabilité améliorés grâce à la technologie V-NAND 3D</h2>
<div class=""fiche-texte"">Le géant <strong>Samsung</strong> revient avec le SSD Samsung 850 EVO. Bénéficiant de certaines technologies issues de la série 850 Pro comme la mémoire flash V-NAND 3D, le SSD Samsung 850 EVO offre des performances toujours aussi impressionnantes avec toujours plus de stabilité.</div>
<div class=""fiche-texte"">
<h3 class=""fiche-sous-titre"">Rapidité et performances</h3>
Cette nouvelle gamme de <strong>SSD Samsung 850 EVO</strong> arrive avec de bien belles choses à offrir aux heureux utilisateurs. Grâce à un tout nouveau contrôleur <b>Samsung MGX</b>et l'introduction de la mémoire V-NAND 3D sur la gamme EVO, le Samsung 850 EVO présente des caractéristiques alléchantes : jusqu'à <b>540 Mo/s en lecture</b>, et un nombre maximum d'opérations par seconde catapulté à <b>98 000</b> en lecture !

</div>
<div class=""fiche-texte"">
<h3 class=""fiche-sous-titre"">Jusqu'à 520 Mo/s en écriture grâce à la technologie Turbowrite</h3>
Sur cette série <b>850 EVO</b>, Samsung donne un bon coup de boost à la vitesse d'écriture grâce à une toute nouvelle technologie appelée <strong>Turbowrite</strong>. Sur les fichiers de moins de 3 Go, cette technologie permet en effet de <b>pousser le débit à 520 Mo/s</b> au lieu des 270 Mo/s habituels, soit une vitesse d'écriture pratiquement <b>multipliée par 2</b> ! Un vrai gain de performances dont vous pourrez profiter au quotidien. Le <strong>logiciel Magician</strong> vous est aussi livré pour vous permettre de <b>mettre à jour le firmware sous Windows</b>, d'<b>effectuer un ""secure erase""</b> ou encore de <b>lancer un benchmark</b> de votre <strong>SSD Série 850</strong>.

</div>
<div class=""fiche-texte""><img class=""alignright"" src=""https://www.materiel.net/live/269513.jpg"" alt=""Des performances ultimes"" />
<h3 class=""fiche-sous-titre"">Des performances ultimes</h3>
La technologie <strong>V-NAND 3D</strong> offre au SSD <strong>850 EVO</strong> le summum des vitesse de lecture et d'écriture, aussi bien dans les cas de lecture/écriture séquentiels qu'aléatoires. En lecture séquentielle, il atteint les <b>540 Mo/s</b> et <b>520 Mo/s</b> en vitesse d’écriture. De plus un mode turbo, nommé <em>Rapid Mode</em> est également présent. Il permet d’utiliser la mémoire vive de l’ordinateur comme cache. Sur le 840 EVO la quantité maximale pouvant être allouée était limité à 1 Go, avec le 850 EVO cette limite passe à 4 Go (pour 16 Go de mémoire RAM installé sur le PC) Cela permet d’augmenter les performances, principalement lors de l’écriture de nombreux petits fichiers. L’activation de ce mode requiert l’installation de l’utilitaire <em>Samsung Magician</em>.

</div>",,,taxable,,1,100,0,0,,,,,1,,,159.90,"Composants, Composants > Disques durs et SSD","500Go, disque dur, Evo, samsung, sdd",,"http://localhost:8888/projet-de-fin-d-etude-ifocop/projet_wordpress/wp-content/uploads/2017/11/282974.jpg, http://localhost:8888/projet-de-fin-d-etude-ifocop/projet_wordpress/wp-content/uploads/2017/11/07903301-photo-samsung-ssd-850-evo.jpg, http://localhost:8888/projet-de-fin-d-etude-ifocop/projet_wordpress/wp-content/uploads/2017/11/10366519.jpg",,,,,,,,,0,"a:1:{i:0;a:3:{s:5:""title"";s:15:""Fiche technique"";s:2:""id"";s:15:""fiche-technique"";s:7:""content"";s:14:""[table id=9 /]"";}}",,,,
215,simple,pnyCS900120,"SSD PNY CS900 - 120 Go",1,0,visible,"<b>Au format 2.5”, le SSD PNY CS900, est idéal pour booster les performances d’un PC portable, d'un PC de bureau ou d'un Mac un peu âgé.</b>

&nbsp;","<h3 class=""fiche-sous-titre""><img class=""alignleft"" src=""https://www.materiel.net/live/359778.jpg"" alt=""CS1311 - 120 Go"" width=""331"" height=""331"" /></h3>
<h3 class=""fiche-sous-titre"">Abordable et efficace</h3>
<b>Au format 2.5”, le SSD PNY CS900, est idéal pour booster les performances d’un PC portable, d'un PC de bureau ou d'un Mac un peu âgé.</b>

Le <strong>PNY CS900 - 120 Go</strong> a été conçu pour remplacer facilement et au meilleur coût les HDD actuels afin d’accélérer les temps de lancement du système, des applications et de donner un coût de fouet global à tous les ordinateurs. Son architecture sans partie mécanique en font une solution de stockage durable et moins sujette aux chocs, couverte par 3 ans de garantie.

Le modèle de SSD PNY <strong>CS900</strong> consomme peu d’énergie et permet d’étendre la durée de vie des batteries d’ordinateurs portables. Ces SSD sont disponibles de 120 GB à 480 GB et sont basés sur de la mémoire TLC. Les méthodes de tests intensifs PNY assurent une compatibilité sur toute plateforme, système                                                                                               d’exploitation ou application afin de faciliter la mise à jour dès la sortie de la                                                                                               boite.",,,taxable,,1,100,0,0,,,,,1,,,59.90,"Composants, Composants > Disques durs et SSD","120 GO, disque dur, pny, sdd",,"http://localhost:8888/projet-de-fin-d-etude-ifocop/projet_wordpress/wp-content/uploads/2017/11/359776.jpg, http://localhost:8888/projet-de-fin-d-etude-ifocop/projet_wordpress/wp-content/uploads/2017/11/359779.jpg, http://localhost:8888/projet-de-fin-d-etude-ifocop/projet_wordpress/wp-content/uploads/2017/11/359777.jpg, http://localhost:8888/projet-de-fin-d-etude-ifocop/projet_wordpress/wp-content/uploads/2017/11/359778-1.jpg",,,,,,,,,0,"a:1:{i:0;a:3:{s:5:""title"";s:15:""Fiche technique"";s:2:""id"";s:15:""fiche-technique"";s:7:""content"";s:15:""[table id=10 /]"";}}",,,,
219,simple,SSDKingSSDNowM.2SATA120,"SSD Kingston SSDNow M.2 SATA G2- 120 Go",1,0,visible,"<b>Le petit format et la minceur du module SSD M.2 SATA répondent aux contraintes d'espace des petits appareils et systèmes intégrés et autres dispositifs informatiques ultra minces.</b>","<h2 class=""ProdTagline"">Technologie SSD de prochaine génération.</h2>
<b>Le petit format et la minceur du module SSD M.2 SATA répondent aux contraintes d'espace des petits appareils et systèmes intégrés et autres dispositifs informatiques ultra minces.</b>
<div class=""fiche-texte"">

<img class=""alignright"" src=""https://www.materiel.net/live/296866.jpg"" alt=""M.2 SATA 2280"" />
<h3 class=""fiche-sous-titre"">Un SSD de 120 Go au format M.2</h3>
Conforme à la norme M.2, il s'intègre aux produits dotés de connecteurs M.2 SATA. Sans boîtier, il répond mieux à la demande croissante en systèmes de plus en plus minces et légers, étant mieux adapté aux contraintes de poids et d'intégration qu'un disque SSD standard. Combinant les fonctions avancées d'élimination des données inutilisées et de répartition de l'usure, avec <b>prise en charge de TRIM</b>, le <strong>module 2280</strong> optimise et maintient les niveaux de performance pendant toute la durée de vie du disque.

DevSleep, une nouvelle addition aux spécifications SATA, est une option de gestion efficace de l'énergie, qui minimise la consommation et prolonge l'autonomie.
La protection intégrée contre les coupures de courant au firmware garantit l'intégrité des données. Cette protection garantit une restauration efficace après une fermeture non sécurisée du système.
Pour une plus grande tranquillité d'esprit, ces disques <strong>SSD M.2 SATA</strong> bénéficient d'une garantie de cinq ans, de l'assistance technique gratuite et de la fiabilité légendaire de <strong>Kingston</strong>.

</div>
<h3>Présentation du disque SSD M.2 SATA 2280</h3>
<div class=""block"">

<iframe src=""https://www.youtube-nocookie.com/embed/10dFc41fW5E?rel=0&amp;showinfo=0"" width=""853"" height=""480"" frameborder=""0"" allowfullscreen=""allowfullscreen"" data-mce-fragment=""1""></iframe>

</div>",,,taxable,,1,100,0,0,,,,,1,,,64.90,"Composants, Composants > Disques durs et SSD",,,"http://localhost:8888/projet-de-fin-d-etude-ifocop/projet_wordpress/wp-content/uploads/2017/11/347098.jpg, http://localhost:8888/projet-de-fin-d-etude-ifocop/projet_wordpress/wp-content/uploads/2017/11/347097.jpg, http://localhost:8888/projet-de-fin-d-etude-ifocop/projet_wordpress/wp-content/uploads/2017/11/347096.jpg",,,,,,,,,0,"a:1:{i:0;a:3:{s:5:""title"";s:15:""Fiche technique"";s:2:""id"";s:15:""fiche-technique"";s:7:""content"";s:15:""[table id=11 /]"";}}",,,,
225,simple,SSDKingstonSSDNowV300120,"SSD Kingston SSDNow V300 - 120 Go",1,0,visible,"<b>Optimisez vos performances avec le <strong>SSD V300</strong>, d'une épaisseur de 7 mm, proposé par <strong>Kingston</strong>. Doté d'un <strong>contrôleur SandForce</strong> et de l'<strong>interface SATA III 6Gb/s</strong>, ce <strong>SSD</strong> d'une <strong>capacité de 120 Go</strong> offre de belles performances qui vous permettront de redonner vitesse et réactivité à votre PC.</b>","<h2 class=""ProdTagline"">Vitesse et fiabilité Kingston !</h2>
<b>Optimisez vos performances avec le <strong>SSD V300</strong>, d'une épaisseur de 7 mm, proposé par <strong>Kingston</strong>. Doté d'un <strong>contrôleur SandForce</strong> et de l'<strong>interface SATA III 6Gb/s</strong>, ce <strong>SSD</strong> d'une <strong>capacité de 120 Go</strong> offre de belles performances qui vous permettront de redonner vitesse et réactivité à votre PC.</b>
<h3>Des taux de transfert de 450 Mo/sec</h3>
Equipé de l'<strong>interface SATA III 6Gb/s</strong>, le <strong>SSD V300</strong> offre des <strong>taux de transfert</strong> pouvant atteindre <b>450 Mo/s en lecture et en écriture</b>. Côté nombre maximum d'opérations traitées à la seconde (<strong>max IOPS</strong>), celui-ci s'élève à <b>85 000 en lecture</b>, ce qui permet à ce <strong>SSD V300</strong> de présenter d'excellents résultats pour améliorer les performances et la réactivité de votre PC ou de votre ordinateur portable.

Sans oublier, qu'au moindre problème, vous pourrez compter sur <strong>Kingston</strong> qui vous assure une <b>assistance technique du lundi au vendredi</b>. Avec ce <strong>V300 120 Go garanti 3 ans</strong> par <strong>Kingston</strong>, passez au SSD en toute sérénité !",,,taxable,,1,100,0,0,,,,,1,,,64.90,"Composants, Composants > Disques durs et SSD","120 GO, disque dur, Kingston, sdd",,"http://localhost:8888/projet-de-fin-d-etude-ifocop/projet_wordpress/wp-content/uploads/2017/11/207104.jpg, http://localhost:8888/projet-de-fin-d-etude-ifocop/projet_wordpress/wp-content/uploads/2017/11/207120.jpg",,,,,,,,,0,"a:1:{i:0;a:3:{s:5:""title"";s:15:""Fiche technique"";s:2:""id"";s:15:""fiche-technique"";s:7:""content"";s:15:""[table id=12 /]"";}}",,,,
230,simple,"SSDWDGreen120 Go","SSD Western Digital (WD) Green 120 Go",1,0,visible,"<strong>Les disques SSD WD Green optimisent l'expérience informatique sur votre ordinateur de bureau ou portable chaque jour pour des performances rapides et fiables. Disponibles dans un boîtier de 2,5”/7 mm ou au format M.2 2280, les disques SSD WD Green sont compatibles avec la plupart des PC. Le tableau de bord WD SSD gratuit vous permet de surveiller votre stockage. Avec la garantie limitée de 3 ans, mettre à niveau votre stockage numérique n'est plus un souci.</strong>","<h2 class=""ProdTagline"">Le stockage WD pour vos besoins quotidiens !</h2>
<strong>Les disques SSD WD Green optimisent l'expérience informatique sur votre ordinateur de bureau ou portable chaque jour pour des performances rapides et fiables. Disponibles dans un boîtier de 2,5”/7 mm ou au format M.2 2280, les disques SSD WD Green sont compatibles avec la plupart des PC. Le tableau de bord WD SSD gratuit vous permet de surveiller votre stockage. Avec la garantie limitée de 3 ans, mettre à niveau votre stockage numérique n'est plus un souci.</strong>

<img class="""" src=""https://www.materiel.net/live/369246.jpg"" alt=""WD Blue"" width=""908"" height=""216"" />

&nbsp;
<div class=""fiche-texte-gauche"">
<div>
<h3 class=""fiche-sous-titre"">Des vitesses de transfert jusqu'à 540 Mo/s et des capacités jusqu'à 240 Go</h3>
<img class=""alignleft"" src=""https://www.materiel.net/live/369261.jpg"" alt=""WD Blue SSD"" width=""254"" height=""254"" />Cette nouvelle gamme <strong>SSD Green </strong>de WD arrive avec de bien belles choses à offrir à ses heureux utilisateurs. Grâce à la performance exceptionnelle d'un disque dur SSD WD Green SATA, vous pouvez naviguer sur le Web, jouer à un jeu ou simplement démarrer votre système en un clin d'œil.
La technologie de mise en cache différenciée utilise les technologies flash SLC et TLC, lesquelles permettent d'atteindre des vitesses de lecture séquentielles jusqu'à 540 Mo/s et des vitesses d'écriture séquentielles jusqu'à 465 Mo/s, pour un démarrage rapide des systèmes, une grande réactivité des applications et des vitesses de transferts élevées.

</div>
</div>
<div class=""fiche-texte-droite"">
<div>
<h3 class=""fiche-sous-titre""></h3>
<h3></h3>
<h3 class=""fiche-sous-titre"">Fiabilité maximale : MTTF de 1,75 million d'heures et garantie 3 ans !</h3>
<img class=""alignright"" src=""https://www.materiel.net/live/369191.jpg"" alt=""WD Blue SSD"" width=""240"" height=""240"" />

Avec un temps moyen de bon fonctionnement avant panne (MTTF) de 1,75 million d'heures, le SSD WD Green garantit une protection des données sur le long terme.
Chaque SSD WD Green s'accompagne d'une garantie limitée de 3 ans, pour une tranquillité d'esprit lorsque vous mettez à niveau ou remplacez l'un de vos disques.

</div>
</div>
<div class=""specops""></div>",,,taxable,,1,100,0,0,,,,,1,,,64.90,"Composants, Composants > Disques durs et SSD","120 GO, disque dur, sdd, wd, western digital",,"http://localhost:8888/projet-de-fin-d-etude-ifocop/projet_wordpress/wp-content/uploads/2017/11/369191.jpg, http://localhost:8888/projet-de-fin-d-etude-ifocop/projet_wordpress/wp-content/uploads/2017/11/369198.jpg, http://localhost:8888/projet-de-fin-d-etude-ifocop/projet_wordpress/wp-content/uploads/2017/11/369261.jpg",,,,,,,,,0,"a:1:{i:0;a:3:{s:5:""title"";s:15:""Fiche technique"";s:2:""id"";s:15:""fiche-technique"";s:7:""content"";s:15:""[table id=13 /]"";}}",,,,
236,simple,kingsmS200120,"SSD Kingston SSDNow mS200 - 120 Go",1,0,visible,"<b>Au tour de Kingston de présenter son <strong>SSD</strong> au format <strong>mSATA</strong> afin de répondre au mieux aux attentes des possesseurs d'<strong>ultrabooks</strong> et de <strong>PC portables</strong> ultra fins. Découvrez ainsi le <strong>mS200</strong>, d'une <strong>capacité de stockage de 120 Go</strong>, idéal pour redonner vitesses et performances à votre <strong>ordinateur portable</strong>.</b>","<b>Au tour de Kingston de présenter son <strong>SSD</strong> au format <strong>mSATA</strong> afin de répondre au mieux aux attentes des possesseurs d'<strong>ultrabooks</strong> et de <strong>PC portables</strong> ultra fins. Découvrez ainsi le <strong>mS200</strong>, d'une <strong>capacité de stockage de 120 Go</strong>, idéal pour redonner vitesses et performances à votre <strong>ordinateur portable</strong>.</b>
<div class=""fiche-texte-droite"">
<div>
<h3 class=""fiche-sous-titre"">Taille réduite pour des performances max</h3>
<img class=""alignleft"" src=""https://www.materiel.net/live/218174.jpg"" alt=""Performances mS200"" />Equipé du contrôleur <strong>LSI SandForce 2241</strong> et de l'<strong>interface SATA III 6 Gb/s</strong>, le <strong>SSD mS200</strong>vous offre de très belles performances malgré sa taille ! En effet, il vous permettra d'atteindre des taux de transfert de <b>550 Mo/s en lecture</b> et de <b>520 Mo/s en écriture</b>. En ce qui concerne le nombre d'opérations traité par seconde, le <strong>mS200</strong> se défend aussi très bien avec des IOPS max de <b>86 000 en lecture</b> et de <b>48 000 en écriture</b>. N'ayant rien à envier au SSD classique en 2,5"", ce <strong>SSD mS200</strong> au format mSATA fera de votre ordinateur portable un petit bolide !

</div>
</div>
&nbsp;
<div class=""fiche-texte-gauche"">
<div>
<h3></h3>
<h3 class=""fiche-sous-titre"">Protection des données</h3>
Le <strong>SSD mS200</strong> est équipé des technologies <strong>SMART</strong> et <strong>TRIM</strong> afin que votre SSD ne perde pas en performance au fil du temps. Pour profiter au maximum des performances de votre ordinateur, ce <strong>mS200</strong> supporte également la <strong>technologie Smart Reponse</strong> (SRT) d'Intel. Alliez ainsi les performances de votre SSD à votre ou vos disque(s) dur(s). Votre SSD se comporte ensuite comme un <strong>SSD cache</strong> et vous permettra d'<b>accéder en un éclair aux fichiers les plus souvent utilisés</b>. Ainsi, installez votre système d'exploitation sur un disque dur traditionnel et bénéficiez de sa capacité de manière totalement transparente, tout en ayant les bénéfices d'un SSD : réactivité et rapidité fulgurantes.

</div>
Avec ce <strong>SSD mS200</strong> au format mSATA, rendez votre ordinateur portable encore plus performant ! Avec un temps moyen entre 2 pannes (<strong>MTBF</strong>) de <b>1 million d'heures</b>, une <strong>garantie 3 ans</strong> assurée par Kingston et une <b>assistance technique du lundi au vendredi</b> en cas de problème, passez au SSD en toute sérénité !

</div>",,,taxable,,1,100,0,0,,,,,1,,,69.90,"Composants, Composants > Disques durs et SSD","120 GO, disque dur, Kingston, sdd",,"http://localhost:8888/projet-de-fin-d-etude-ifocop/projet_wordpress/wp-content/uploads/2017/11/218256.jpg, http://localhost:8888/projet-de-fin-d-etude-ifocop/projet_wordpress/wp-content/uploads/2017/11/218174.jpg",,,,,,,,,0,"a:1:{i:0;a:3:{s:5:""title"";s:15:""Fiche technique"";s:2:""id"";s:15:""fiche-technique"";s:7:""content"";s:15:""[table id=14 /]"";}}",,,,
246,simple,"Aegis 3 VR7RD-040EU","PC Gamer MSI Aegis 3 VR7RD-040EU - i7 - 16 Go - GTX 1070 - SSD",1,0,visible,"<b>Le <strong>PC gamer</strong> <strong>MSI Aegis 3 VR7RD-040EU</strong> fait partie de la gamme Gaming vous offrant une performance de jeu optimale. Conçue pour les joueurs, cette tour est équipée d'un processeur Intel Core i7, d'une carte graphique Nvidia GTX 1070 et épaulé par 16Go de RAM ! Ce modèle est doté de 256 Go de stockage SSD et de 2To pour vos données !</b>","<h2 class=""ProdTagline"">Core i7, GTX 1070, SSD : votre configuration gamer par MSI</h2>
&nbsp;
<div id=""FicheDesc"" class=""ProdDescription"">

<b>Le <strong>PC gamer</strong> <strong>MSI Aegis 3 VR7RD-040EU</strong> fait partie de la gamme Gaming vous offrant une performance de jeu optimale. Conçue pour les joueurs, cette tour est équipée d'un processeur Intel Core i7, d'une carte graphique Nvidia GTX 1070 et épaulé par 16Go de RAM ! Ce modèle est doté de 256 Go de stockage SSD et de 2To pour vos données !</b>
<div class=""fiche-texte-gauche"">
<div>
<h3 class=""fiche-sous-titre"">Déchaînez les performances de ce PC gamer</h3>
Meilleur allié des <strong>gamers</strong>, le <strong>PC gaming MSI Aegis 3</strong> compte sur processeur <strong>i7-7700</strong>génération Kaby Lake cadencé à <strong>3,6 GHz</strong> couplé à <strong>16 Go</strong> de RAM DDR4 pour vos offrir une expérience de jeu sans compromis. La puissance vidéo étant assuré par une <strong>Nvidia GTX 1070</strong>, vous n'allez pas vous ennuyer !

Pour le stockage, vous pourrez vous appuyez sur un disque dur de <strong>2000 Go</strong> pour vos données complétés par <strong>256 Go de stockage SSD</strong> pour la réactivité de votre système.
<h3 class=""fiche-sous-titre"">Un système de refroidissement innovant !</h3>
La technologie <strong>Storm Cooling 2</strong> apporte une nouvelle manière de refroidir un PC, et qui plus est, garante d'une empreinte carbone minimale. Elle se compose d'un large ventilateur qui aspire l'air frais depuis la partie basse pour créer un important flux d'air dans le boîtier et dissiper efficacement et silencieusement la chaleur émise par les composants.
<h3 class=""fiche-sous-titre""><img class=""alignleft"" src=""https://www.materiel.net/live/378728.jpg"" alt=""xxx"" width=""348"" height=""408"" />Un accès aux composants plus facile</h3>
Vous souhaitez mettre vos composants à jour ? Vous allez être ravis ! L'Aegis propose un châssis permettant un <strong>accès facile aux composants</strong> pour un upgrade facile. Que vous vouliez augmenter l'espace de stockage ou encore remplacer le processeur ou la carte graphique, vous pourrez y accéder de manière très simple.

</div>
</div>
<div class=""fiche-texte-droite"">
<div>
<h3 class=""fiche-sous-titre"">Killer Pro : pour une meilleure expérience online</h3>
Le contrôleur <strong>Ethernet Killer E2500</strong>, accompagné de la fonction Advanced Stream Detect 2.0, est conçu pour fournir une connexion réseau parfaite pour le jeu en ligne et le streaming de données en haute qualité. La puce Killer LAN détecte automatiquement et passe <strong>en priorité le trafic de votre jeu vidéo</strong> sur la bande passante pour assurer une fluidité totale à votre partie.

Utilisez votre port LAN pour votre jeu en ligne et la connexion Wi-Fi pour vos autres applications en ligne. Cette solution Intel® Wi-Fi/Bluetooth de dernière génération utilise la technologie MU-MIMO et délivre un débit en WiFi AC allant jusqu'à 867 Mb/s.

</div>
<img src=""https://www.materiel.net/live/378770.jpg"" alt=""Killer DoubleShot x3 Pro"" /></div>
</div>
<table class=""ProdSectionTitle"" border=""0"" width=""99%"" cellspacing=""0"" cellpadding=""0"">
<tbody>
<tr>
<td width=""95%""><a name=""produits_memes_caracteristiques""></a></td>
</tr>
</tbody>
</table>",,,taxable,,1,35,0,0,,,,,1,,,2099.00,"Ordinateur bureau, Ordinateur bureau > Ordinateur Gamer","2To, Aegis 3, gamer, I-7, msi, tour",,"http://localhost:8888/projet-de-fin-d-etude-ifocop/projet_wordpress/wp-content/uploads/2017/11/395025.jpg, http://localhost:8888/projet-de-fin-d-etude-ifocop/projet_wordpress/wp-content/uploads/2017/11/395026.jpg, http://localhost:8888/projet-de-fin-d-etude-ifocop/projet_wordpress/wp-content/uploads/2017/11/395027.jpg, http://localhost:8888/projet-de-fin-d-etude-ifocop/projet_wordpress/wp-content/uploads/2017/11/395028.jpg, http://localhost:8888/projet-de-fin-d-etude-ifocop/projet_wordpress/wp-content/uploads/2017/11/395029.jpg",,,,,,,,,0,"a:1:{i:0;a:3:{s:5:""title"";s:15:""Fiche technique"";s:2:""id"";s:15:""fiche-technique"";s:7:""content"";s:15:""[table id=15 /]"";}}",,,,
260,simple,"Mac Mini - i5 2,8GHz","Apple Mac Mini - i5 2,8GHz - FD 1To - MGEQ2F/A",1,0,visible,"La célèbre marque à la pomme nous propose sa gamme de <strong>Apple Mac mini</strong> et une fois de plus, Apple n'a rien laissé au hasard ! Au cœur de cette machine on retrouve un processeur de la quatrième et dernière génération signée <b>Intel Core i5</b>, équipé de <b>2 cœurs</b> cadencés à <b>2,8 GHz</b>, et disposant des technologies d'<b>Hyperthreading</b> et de <b>Turbo Boost</b> pour vos besoins de puissance supplémentaire ! Pour l'accompagner, <b>8 Go</b> de mémoire DDR3 et un <b>disque dur Fusion Drive de 1 To</b> pour le stockage seront de la partie ! Côté graphique, vous disposerez de la puissance du chipset graphique <b>Intel Iris Graphics</b> pour vous assister dans vos applications multimédia !","<h2 class=""ProdTagline"">Nouveau Mac mini : encore plus performant !</h2>
&nbsp;
<div>
<h3>Concentré de puissance : Core i5 et contrôleur graphique Iris !</h3>
La célèbre marque à la pomme nous propose sa gamme de <strong>Apple Mac mini</strong> et une fois de plus, Apple n'a rien laissé au hasard ! Au cœur de cette machine on retrouve un processeur de la quatrième et dernière génération signée <b>Intel Core i5</b>, équipé de <b>2 cœurs</b> cadencés à <b>2,8 GHz</b>, et disposant des technologies d'<b>Hyperthreading</b> et de <b>Turbo Boost</b> pour vos besoins de puissance supplémentaire ! Pour l'accompagner, <b>8 Go</b> de mémoire DDR3 et un <b>disque dur Fusion Drive de 1 To</b> pour le stockage seront de la partie ! Côté graphique, vous disposerez de la puissance du chipset graphique <b>Intel Iris Graphics</b> pour vous assister dans vos applications multimédia !

</div>
&nbsp;
<div>

<img class=""cadre"" src=""https://www.materiel.net/live/195488.jpg"" alt=""Le PC Portable Gamer à l'aura surnaturelle"" />

</div>
&nbsp;
<div class=""block gauche"">
<div>
<h3>Un design d'exception !</h3>
Comme à son habitude, Apple a accordé une nouvelle fois une grande importance au design de ses <strong>Mac mini</strong> avec un boitier ""<b>unibody</b>"" (sans couture) d'une épaisseur de <b>seulement 3,6 cm</b>, et taillé dans un aluminium épuré aux finitions impeccables ! Autre spécificité, le bloc d'alimentation est intégré directement dans le boitier, résultat : <b>la seul chose que vous voyez c'est son cordon</b> ! Ce bijou esthétique fera la fierté de n'importe quel bureau !

</div>
<img class=""alignleft"" src=""https://www.materiel.net/live/149087.jpg"" alt=""Thunderbolt"" /></div>
<div>
<h3>Restez connecté !</h3>
Aussi ""mini"" qu'il soit le Mac mini embarque une <b>connectivité impressionnante</b> et digne des plus grands ! La dernière <b>norme Wi-Fi A/C</b> ainsi que le <b>Bluetooth 4.0</b> sont de la partie. Niveau connectivité, vous disposerez ainsi :

</div>
<div class=""block droite"">
<div>

&nbsp;
<ul>
 	<li>de deux port <strong>Thunderbolt</strong> (jusqu'à 20 Gbit/s) qui permettent de brancher en série jusqu'à 6 appareils Thunderbolt</li>
 	<li>Quatre ports USB 3.0</li>
 	<li>Port <b>HDMI</b></li>
 	<li>Lecteur de carte SDXC pour faciliter le transfert de vos photos et vidéos !</li>
 	<li>Port Ethernet Gigabit</li>
 	<li>Entrée/sortie audio</li>
</ul>
&nbsp;

</div>
<img class=""alignleft"" src=""https://www.materiel.net/live/195491.jpg"" alt=""Thunderbolt"" /></div>
<div>
<h3>Sans compromis</h3>
Pour vous offrir le meilleur, ce <strong>Mac Mini Apple</strong> dispose du dernier système d'exploitation <strong>Apple OS X 10.11 El Capitan</strong> ! Vous pourrez faire fonctionner votre Mac et vos autres appareils iOS ensemble. Combiné avec iOS 8 vous pourrez, entre autres, téléphoner sur votre Mac alors que votre iPhone se trouve dans une autre pièce. De nombreuses et belles collections d'applications dédiées vous attendent d'ailleurs sur l'<b>Apple Store</b> !

<b>Puissant à souhait</b> grâce à sa nouvelle architecture et sans compromis grâce à un design et une connectivité exceptionnelle, le Mac mini pense aussi à l'environnement avec la prouesse technologique de consommer de <b>moins de 13W en fonctionnement</b> ! Il bénéficie d'ailleurs de la norme <strong>Energy Star</strong>. Son <b>aluminium est hautement recyclable</b> et son emballage est conçu pour être mini, afin de maximiser son transport !

</div>
<div>N.B. : Ce produit n'étant approvisionné que sur commande, nous ne pouvons certifier sa disponibilité immédiate chez notre fournisseur. Pour toute demande concernant ce produit (délai, caractéristiques techniques), vous pouvez nous contacter par e-mail à l'adresse <a href=""mailto:info@materiel.net"">info@materiel.net</a>. Ces informations sont susceptibles d'être modifiées par le constructeur sans préavis. Toute commande passée sur ce produit ne pourra être annulable, merci de votre compréhension.</div>",,,taxable,,1,100,0,0,,,,,1,,,999.90,"Ordinateur bureau > Apple, Ordinateur bureau > Apple > Mac mini","1TO, apple, gris, mac, mac mini, mini",,"http://localhost:8888/projet-de-fin-d-etude-ifocop/projet_wordpress/wp-content/uploads/2017/11/281586.jpg, http://localhost:8888/projet-de-fin-d-etude-ifocop/projet_wordpress/wp-content/uploads/2017/11/195518.jpg, http://localhost:8888/projet-de-fin-d-etude-ifocop/projet_wordpress/wp-content/uploads/2017/11/195517.jpg, http://localhost:8888/projet-de-fin-d-etude-ifocop/projet_wordpress/wp-content/uploads/2017/11/195519.jpg, http://localhost:8888/projet-de-fin-d-etude-ifocop/projet_wordpress/wp-content/uploads/2017/11/281587.jpg",,,,,,,,,0,"a:1:{i:0;a:3:{s:5:""title"";s:15:""Fiche technique"";s:2:""id"";s:15:""fiche-technique"";s:7:""content"";s:15:""[table id=16 /]"";}}",,,,
290,simple,"Mac Mini - i5 2,8GHz-1","Apple Mac Mini - i5 2,8GHz - FD 1To - MGEQ2F/A (Copie)",1,0,visible,"La célèbre marque à la pomme nous propose sa gamme de <strong>Apple Mac mini</strong> et une fois de plus, Apple n'a rien laissé au hasard ! Au cœur de cette machine on retrouve un processeur de la quatrième et dernière génération signée <b>Intel Core i5</b>, équipé de <b>2 cœurs</b> cadencés à <b>2,8 GHz</b>, et disposant des technologies d'<b>Hyperthreading</b> et de <b>Turbo Boost</b> pour vos besoins de puissance supplémentaire ! Pour l'accompagner, <b>8 Go</b> de mémoire DDR3 et un <b>disque dur Fusion Drive de 1 To</b> pour le stockage seront de la partie ! Côté graphique, vous disposerez de la puissance du chipset graphique <b>Intel Iris Graphics</b> pour vous assister dans vos applications multimédia !","<h2 class=""ProdTagline"">Nouveau Mac mini : encore plus performant !</h2>
&nbsp;
<div>
<h3>Concentré de puissance : Core i5 et contrôleur graphique Iris !</h3>
La célèbre marque à la pomme nous propose sa gamme de <strong>Apple Mac mini</strong> et une fois de plus, Apple n'a rien laissé au hasard ! Au cœur de cette machine on retrouve un processeur de la quatrième et dernière génération signée <b>Intel Core i5</b>, équipé de <b>2 cœurs</b> cadencés à <b>2,8 GHz</b>, et disposant des technologies d'<b>Hyperthreading</b> et de <b>Turbo Boost</b> pour vos besoins de puissance supplémentaire ! Pour l'accompagner, <b>8 Go</b> de mémoire DDR3 et un <b>disque dur Fusion Drive de 1 To</b> pour le stockage seront de la partie ! Côté graphique, vous disposerez de la puissance du chipset graphique <b>Intel Iris Graphics</b> pour vous assister dans vos applications multimédia !

</div>
&nbsp;
<div>

<img class=""cadre"" src=""https://www.materiel.net/live/195488.jpg"" alt=""Le PC Portable Gamer à l'aura surnaturelle"" />

</div>
&nbsp;
<div class=""block gauche"">
<div>
<h3>Un design d'exception !</h3>
Comme à son habitude, Apple a accordé une nouvelle fois une grande importance au design de ses <strong>Mac mini</strong> avec un boitier ""<b>unibody</b>"" (sans couture) d'une épaisseur de <b>seulement 3,6 cm</b>, et taillé dans un aluminium épuré aux finitions impeccables ! Autre spécificité, le bloc d'alimentation est intégré directement dans le boitier, résultat : <b>la seul chose que vous voyez c'est son cordon</b> ! Ce bijou esthétique fera la fierté de n'importe quel bureau !

</div>
<img class=""alignleft"" src=""https://www.materiel.net/live/149087.jpg"" alt=""Thunderbolt"" />

</div>
<div>
<h3>Restez connecté !</h3>
Aussi ""mini"" qu'il soit le Mac mini embarque une <b>connectivité impressionnante</b> et digne des plus grands ! La dernière <b>norme Wi-Fi A/C</b> ainsi que le <b>Bluetooth 4.0</b> sont de la partie. Niveau connectivité, vous disposerez ainsi :

</div>
<div class=""block droite"">
<div>

&nbsp;
<ul>
 	<li>de deux port <strong>Thunderbolt</strong> (jusqu'à 20 Gbit/s) qui permettent de brancher en série jusqu'à 6 appareils Thunderbolt</li>
 	<li>Quatre ports USB 3.0</li>
 	<li>Port <b>HDMI</b></li>
 	<li>Lecteur de carte SDXC pour faciliter le transfert de vos photos et vidéos !</li>
 	<li>Port Ethernet Gigabit</li>
 	<li>Entrée/sortie audio</li>
</ul>
&nbsp;

</div>
<img class=""alignleft"" src=""https://www.materiel.net/live/195491.jpg"" alt=""Thunderbolt"" />

</div>
<div>
<h3>Sans compromis</h3>
Pour vous offrir le meilleur, ce <strong>Mac Mini Apple</strong> dispose du dernier système d'exploitation <strong>Apple OS X 10.11 El Capitan</strong> ! Vous pourrez faire fonctionner votre Mac et vos autres appareils iOS ensemble. Combiné avec iOS 8 vous pourrez, entre autres, téléphoner sur votre Mac alors que votre iPhone se trouve dans une autre pièce. De nombreuses et belles collections d'applications dédiées vous attendent d'ailleurs sur l'<b>Apple Store</b> !

<b>Puissant à souhait</b> grâce à sa nouvelle architecture et sans compromis grâce à un design et une connectivité exceptionnelle, le Mac mini pense aussi à l'environnement avec la prouesse technologique de consommer de <b>moins de 13W en fonctionnement</b> ! Il bénéficie d'ailleurs de la norme <strong>Energy Star</strong>. Son <b>aluminium est hautement recyclable</b> et son emballage est conçu pour être mini, afin de maximiser son transport !

</div>
<div>N.B. : Ce produit n'étant approvisionné que sur commande, nous ne pouvons certifier sa disponibilité immédiate chez notre fournisseur. Pour toute demande concernant ce produit (délai, caractéristiques techniques), vous pouvez nous contacter par e-mail à l'adresse <a href=""mailto:info@materiel.net"">info@materiel.net</a>. Ces informations sont susceptibles d'être modifiées par le constructeur sans préavis. Toute commande passée sur ce produit ne pourra être annulable, merci de votre compréhension.</div>",,,taxable,,1,100,0,0,,,,,1,,889.90,999.90,"Ordinateur bureau > Apple, Ordinateur bureau > Apple > Mac mini","1TO, apple, gris, mac, mac mini, mini",,"http://localhost:8888/projet-de-fin-d-etude-ifocop/projet_wordpress/wp-content/uploads/2017/11/281586.jpg, http://localhost:8888/projet-de-fin-d-etude-ifocop/projet_wordpress/wp-content/uploads/2017/11/195518.jpg, http://localhost:8888/projet-de-fin-d-etude-ifocop/projet_wordpress/wp-content/uploads/2017/11/195517.jpg, http://localhost:8888/projet-de-fin-d-etude-ifocop/projet_wordpress/wp-content/uploads/2017/11/195519.jpg, http://localhost:8888/projet-de-fin-d-etude-ifocop/projet_wordpress/wp-content/uploads/2017/11/281587.jpg",,,,,,,,,0,"a:1:{i:0;a:3:{s:5:""title"";s:15:""Fiche technique"";s:2:""id"";s:15:""fiche-technique"";s:7:""content"";s:15:""[table id=16 /]"";}}",,,,
